Spielername: ; chips ; winns ; fold; check; call; raise; Teilgenommene Runden; PreFlopFolds; tughtness; winratio
Pasive;9035;470;0;1239;713;0;707.0;0;1.0;0.66478074
Chicken2;-5;94;541;498;707;165;166.0;541;0.23479491;0.56626505
Maniac1;-30;163;338;966;702;0;322.0;338;0.4878788;0.50621116
Runden; Splitpots;
707;11
