Spielername: ; chips ; winns ; fold; check; call; raise; Teilgenommene Runden; PreFlopFolds; tughtness; winratio
Pasive;-118;18;159;180;204;15;60.0;159;0.2739726;0.3
dummy;4672;3458;0;30000;10075;0;10000.0;0;1.0;0.3458
Chicken2;-8;59;1253;399;10;110;133.0;1253;0.0959596;0.44360903
dummy1;5288;3444;0;30000;10032;0;10000.0;0;1.0;0.3444
dummy2;5153;3474;0;30000;10056;0;10000.0;0;1.0;0.3474
Runden; Splitpots;
9999;395
