Spielername: ; chips ; winns ; fold; check; call; raise; PreFlopFolds; tughtness
Pasive;-13;29;188;168;228;17;188;0.61237115
Chicken;-8;79;331;462;156;0;331;0.31752577
dummy;4019;303;0;855;434;0;0;1.0
Chicken2;0;83;337;432;146;0;337;0.30515465
Runden; Splitpots;
485;9
