Spielername: ; chips ; winns ; fold; check; call; raise; Teilgenommene Runden; PreFlopFolds; tughtness; winratio
stoneKiller;6550;7153;8464;4608;0;1357;1536.0;8464;0.1536;4.656901
stoneKiller;9950;7118;8499;4503;0;1289;1501.0;8499;0.1501;4.742172
stoneKiller;7500;7126;8471;4587;0;1322;1529.0;8471;0.1529;4.6605625
callingStation1;0;258;0;1362;148;0;362.0;0;1.0;0.71270716
Runden; Splitpots;
9999;5837
