Spielername: ; chips ; winns ; fold; check; call; raise; PreFlopFolds; tughtness
Pasive;-1;47;503;411;621;44;503;0.4964965
dummy;1198;287;0;3000;1260;0;0;1.0
Chicken2;1278;109;670;990;0;330;670;0.32932934
dummy1;1214;317;0;3000;1095;0;0;1.0
dummy2;1299;290;0;3000;1170;0;0;1.0
Runden; Splitpots;
999;44
