Spielername: ; chips ; winns ; fold; check; call; raise; Teilgenommene Runden; PreFlopFolds; tughtness; winratio
stoneKiller;24090;394;3389;1878;0;626;626.0;3389;0.15591532;0.629393
Maniac1;-6;290;621;1848;1262;510;616.0;621;0.497979;0.4707792
Maniac2;-19;178;444;1203;873;233;401.0;444;0.4745562;0.44389027
callingStation1;-83;3184;0;12045;4609;0;4015.0;0;1.0;0.79302615
Runden; Splitpots;
4015;30
