Spielername: ; chips ; winns ; fold; check; call; raise; Teilgenommene Runden; PreFlopFolds; tughtness; winratio
stoneKiller;-88;710;7428;4041;0;1347;1347.0;7428;0.15350427;0.5270972
callingStation1;24245;4805;0;26325;9231;0;8775.0;0;1.0;0.54757833
callingStation2;-85;2572;0;19011;6905;0;6337.0;0;1.0;0.4058703
callingStation3;-80;947;0;8784;3279;0;2928.0;0;1.0;0.32342896
Runden; Splitpots;
8775;242
