Spielername: ; chips ; winns ; fold; check; call; raise; Teilgenommene Runden; PreFlopFolds; tughtness; winratio
Pasive;-10;526;1879;360;2071;179;533.0;1879;0.22097844;0.9868668
Chicken2;-8;2476;4456;2142;5605;1127;2728.0;4456;0.37973273;0.90762466
Maniac1;9007;4451;2446;2343;5465;0;4738.0;2446;0.65952116;0.93942595
Runden; Splitpots;
7184;25
